,time,u_ext,T_amb_ext,T_Out_ext
count,1201.0,1201.0,1201.0,1201.0
mean,300.0,2.447127393838468,20.0,28.42746636136553
std,173.42157209144042,1.297719984404923,0.0,4.065679567817347
min,0.0,1.0,20.0,20.0
50%,300.0,2.0,20.0,27.6777
max,600.0,4.0,20.0,33.9989
